{
    "id": 97045,
    "sellerId": 56578,
    "title": "Ferrari 246 dino GT 1973",
    "makeId": 4400,
    "makeKey": "Ferrari",
    "modelKey": "246",
    "images": [{
        "uri": "i.ebayimg.com/00/s/NjgyWDEwMjQ=/z/znIAAOxynwlTcg-F/$",
        "set": "fe4cfedffdffffffff"
    }, {
        "uri": "i.ebayimg.com/00/s/NjgyWDEwMjQ=/z/znIAAOxynwlTcg-F/$",
        "set": "fe4cfedffdffffffff"
    }, {
        "uri": "i.ebayimg.com/00/s/NjgyWDEwMjQ=/z/GvsAAOxyZzlTcg-L/$",
        "set": "fe4cfedffdffffffff"
    }, {
        "uri": "i.ebayimg.com/00/s/NjgyWDEwMjQ=/z/znIAAOxynwlTcg-F/$",
        "set": "fe4cfedffdffffffff"
    }, {
        "uri": "i.ebayimg.com/00/s/NjgyWDEwMjQ=/z/GpoAAOxyZzlTcg-F/$",
        "set": "fe4cfedffdffffffff"
    }, {
        "uri": "i.ebayimg.com/00/s/NjgyWDEwMjQ=/z/GpoAAOxyZzlTcg-F/$",
        "set": "fe4cfedffdffffffff"
    }, {
        "uri": "i.ebayimg.com/00/s/NjgyWDEwMjQ=/z/Z6UAAOxyCTtTcg-L/$",
        "set": "fe4cfedffdffffffff"
    }],
    "price": {
        "gross": "566 €",
        "grs": {
            "amount": 566.00,
            "currency": "EUR"
        },
        "net": "476 €",
        "nt": {
            "amount": 475.63,
            "currency": "EUR"
        },
        "type": "FIXED",
        "vat": 19.00
    },
    "vat": "19,00% MwSt.",
    "contact": {
        "type": "Händler",
        "country": "DE",
        "enumType": "DEALER",
        "name": "Handy Andy Home Improvement Center",
        "address1": "Rudower Chaussee 8",
        "address2": "DE-46236 Bottrop Altstadt",
        "phones": [{
            "type": "PHONE1",
            "number": "+4930123456789200",
            "uri": "tel:+4930123456789200"
        }],
        "latLong": {
            "lon": 6.88274,
            "lat": 51.48694
        },
        "withMobileSince": "Händler bei mobile.de seit 10.12.2014",
        "imprint": "This is a default imprint text to ensure a correct test processing.",
        "canSendCcMail": true
    },
    "isNew": false,
    "isConditionNew": false,
    "isPreRegistration": true,
    "category": "Sportwagen/Coupé, Tageszulassung",
    "description": "AUTOHAUS JUNGE WELTEN GMBH - ÖFFNUNGSZEITEN :  \\MONTAG bis SAMSTAG von  9.00 - 19.00 UhrAusstattung und Zubehör im Fahrzeuginnenraum* Mercedes A 170\\* Automatikgetriebe\\* Klimaanlage\\* Sitzheizung \\* Tempomat\\* ABS, ESP, Airbag\\* elektrische Spiegel\\* elektrische Fenster\\* Sonnenblenden \\* Kopfstützen aktiv vorn\\* Berganfahrhilfe\\* Außentemperaturanzeige\\* Sitzbelegungserkennung\\* Antriebs-Schlupf-Regelung\\* Fahrlichtassistent\\* Multifunktionslenkrad\\* und viele weitere Außstattungsmerkmale\\Ausstattung und Zubehör außen am Fahrzeug* Blinker im Außenspiegel\\*  Einparkhilfevorn und hinten\\* Nebelscheinwerfer\\* Parameterlenkung elektromechanisch\\* Adaptives Bremslicht blinkend\\* Metalliklackierung\\* und viele weitere Ausstattungsmerkmale\\Sonstige Ausstattung und Zubehörmerkmale* sehr gepflegtes Fahrzeug\\* Scheckheftgepflegt\\* Euro 4 - norm\\* grüne Umweltplakette\\* Eine Finanzierung ist in unserem Autohaus immer möglich\\* 50 Monate Garantie in unserem Autohaus auf Wunsch\\Inzahlungnahme oder Sofortankauf Ihres Pkw jederzeit möglich. Rufen Sie uns einfach an!   \\    SCHAUEN SIE SICH BITTE UNSER ANKAUFSVIDEO AN UNTER \\                          www.Junge-Welten-GmbH.de \\\\Ihr Ansprechpartner     Telefon:      030 - 56 58 56 34\\Herr Alexander Barz      Funk:        0176 - 12 32 32 32 \\Eine Finanzierung auch ohne Anzahlung ist über unsere eigene Hausbank jederzeit und gerne in unseren Autohaus möglich. Rufen Sie uns einfach an wir beraten Sie gerne.\\Zwischenverkauf und Irrtümer für dieses Angebot sind ausdrücklich vorbehalten. Die Fahrzeugbeschreibung dient lediglich der allgemeinen Identifizierung des Fahrzeuges und stellt keine Gewährleistung im kaufrechtlichen Sinne dar. Ausschlaggebend sind einzig und allein die Vereinbarungen in der Auftragsbestätigung oder im Kaufvertrag. Den genauen Ausstattungsumfang erhalten Sie von unserem Verkaufspersonal. Bitte kontaktieren Sie uns.",
    "attributes": [{
        "label": "Kilometerstand",
        "tag": "mileage",
        "value": "179.616 km"
    }, {
        "label": "Hubraum",
        "tag": "cubicCapacity",
        "value": "1.320 cm³"
    }, {
        "label": "Leistung",
        "tag": "power",
        "value": "193 kW (262 PS)"
    }, {
        "label": "Kraftstoffart",
        "tag": "fuel",
        "value": "Erdgas (CNG), E10-geeignet, Plug-in-Hybrid"
    }, {
        "label": "Anzahl Sitzplätze",
        "tag": "numSeats",
        "value": "2"
    }, {
        "label": "Anzahl der Türen",
        "tag": "doorCount",
        "value": "6/7"
    }, {
        "label": "Getriebe",
        "tag": "transmission",
        "value": "Automatik"
    }, {
        "label": "Schadstoffklasse",
        "tag": "emissionClass",
        "value": "Euro2"
    }, {
        "label": "Umweltplakette",
        "tag": "emissionsSticker",
        "value": "2 (Rot)"
    }, {
        "label": "Erstzulassung",
        "tag": "firstRegistration",
        "value": "08/2010"
    }, {
        "label": "Klimatisierung",
        "tag": "climatisation",
        "value": "Klimaautomatik"
    }, {
        "label": "Airbags",
        "tag": "airbag",
        "value": "Front-Airbags"
    }, {
        "label": "Farbe",
        "tag": "color",
        "value": "Schwarz"
    }, {
        "label": "Innenausstattung",
        "value": "Andere, Grau"
    }],
    "features": ["Anhängerkupplung", "Behindertengerecht", "Freisprecheinrichtung", "Navigationssystem", "Sportpaket"],
    "hasDamage": false,
    "isDamageCase": true,
    "htmlDescription": "Ferrari Dino 246 Dino GT 20500 km. matching numbers Car has just done a full service at ferrari with 14.000 euro spent an it is in very good conditions. 20500 km. visible in London. Please no time wasters. if you wish to come and inspect it we have a pick up service for our valuable clients from london heathrow airport. we speak english italian russian polish lithuanian. car sold new in italy.",
    "segment": "Car",
    "vc": "Car",
    "created": 1418206195,
    "adMobTargeting": {
        "make": "Buick",
        "model": "Skylark",
        "price": "01",
        "dealer": "01",
        "channel": "car",
        "preis": "566",
        "ma": "179616",
        "kw": "193",
        "ez": "2010",
        "intid": "97045",
        "advid": "2514"
    }
}
